Type,Name,Request Count,Failure Count,Median Response Time,Average Response Time,Min Response Time,Max Response Time,Average Content Size,Requests/s,Failures/s,50%,66%,75%,80%,90%,95%,98%,99%,99.9%,99.99%,100%
POST,long-rag,4,0,25000,29738.17148075022,21142.9031710004,42148.167729000306,1364.5,0.07133846236539758,0.0,30000,30000,42000,42000,42000,42000,42000,42000,42000,42000,42000
POST,short,12,0,31000,30262.601712333435,7132.468402000086,53065.48080199991,1085.6666666666667,0.21401538709619275,0.0,36000,42000,48000,48000,53000,53000,53000,53000,53000,53000,53000
,Aggregated,16,0,30000,30131.49415443763,7132.468402000086,53065.48080199991,1155.375,0.2853538494615903,0.0,31000,42000,47000,47000,53000,53000,53000,53000,53000,53000,53000
