Type,Name,Request Count,Failure Count,Median Response Time,Average Response Time,Min Response Time,Max Response Time,Average Content Size,Requests/s,Failures/s,50%,66%,75%,80%,90%,95%,98%,99%,99.9%,99.99%,100%
POST,long-rag,6,0,17000,17180.603620666414,8580.71464800014,22082.3126589994,1383.6666666666667,0.10356192766136005,0.0,20000,20000,20000,20000,22000,22000,22000,22000,22000,22000,22000
POST,short,22,0,17000,15110.736178227107,3760.857109000426,22905.15151799991,1101.2272727272727,0.3797270680916535,0.0,18000,19000,20000,20000,21000,21000,23000,23000,23000,23000,23000
,Aggregated,28,0,17000,15554.279201606962,3760.857109000426,22905.15151799991,1161.75,0.4832889957530136,0.0,18000,19000,20000,20000,21000,22000,23000,23000,23000,23000,23000
